"Provincia","Region","Organización Política","Votos","% Votos","Total_electores","total_electores_mujeres","total_electores_jovenes","porcentaje_mujeres","porcentaje_jovenes","Ubigeo","IDH","% Pobreza Extrema","PE_Hab"
"ABANCAY","APURIMAC","PARTIDO POLITICO NACIONAL PERU LIBRE",21767,0.4441,82169,41421,26245,50.4095218391364,31.9402694446811,"030100","0.52131296636062496","7.7524408811461996","9242.7701161377408"
"ACOBAMBA","HUANCAVELICA","PARTIDO POLITICO NACIONAL PERU LIBRE",10782,0.6503,33524,17824,12621,53.1678797279561,37.6476554110488,"090200","0.30872788779823401","15.717576838934299","7678.0362858194103"
"ACOMAYO","CUSCO","PARTIDO POLITICO NACIONAL PERU LIBRE",4804,0.4527,19292,9703,6894,50.2954592577234,35.7350196972838,"080200","0.29765110209544299","13.961110588557901","3800.7727466290098"
"AIJA","ANCASH","PARTIDO POLITICO NACIONAL PERU LIBRE",1053,0.375,6005,2958,1675,49.2589508742714,27.8934221482098,"020200","0.36927895209601402","12.8199311027335","1028.4148730612801"
"ALTO AMAZONAS","LORETO","PARTIDO POLITICO NACIONAL PERU LIBRE",4435,0.1081,89942,43262,34212,48.0998865935825,38.0378466122612,"160200","0.43577930905374601","20.674409803339799","31813.988549477301"
"AMBO","HUANUCO","PARTIDO POLITICO NACIONAL PERU LIBRE",9033,0.4193,43162,21508,14632,49.8308697465363,33.9001899819285,"100200","0.37543633672343901","22.727999921974199","14116.8153115366"
"ANDAHUAYLAS","APURIMAC","PARTIDO POLITICO NACIONAL PERU LIBRE",34539,0.5767,113378,58616,38338,51.6996242657306,33.8143202384942,"030200","0.42188278475983298","13.7993304602197","23034.118390807798"
"ANGARAES","HUANCAVELICA","PARTIDO POLITICO NACIONAL PERU LIBRE",10702,0.586,37597,19612,15185,52.1637364683352,40.3888608133628,"090300","0.32589443393241901","16.593533579440699","9611.1405845478494"
"ANTA","CUSCO","PARTIDO POLITICO NACIONAL PERU LIBRE",10450,0.377,48956,24442,15783,49.9264645804396,32.2391535256148,"080300","0.39451511932314698","5.8645056325502498","3909.6899700522699"
"ANTABAMBA","APURIMAC","PARTIDO POLITICO NACIONAL PERU LIBRE",2147,0.5003,9318,4561,2633,48.948272161408,28.257136724619,"030300","0.32310235359846201","28.163124367566802","3658.10822410325"
"ANTONIO RAIMONDI","ANCASH","PARTIDO POLITICO NACIONAL PERU LIBRE",1862,0.4371,10993,5476,3512,49.8135176930774,31.9476030201037,"020300","0.31633689336482201","21.316648090241301","3417.6981883083899"
"AREQUIPA","AREQUIPA","PARTIDO POLITICO NACIONAL PERU LIBRE",190712,0.2941,897898,452349,253932,50.3786621642993,28.2807178543665,"040100","0.66933497919902996","0.90233699198763495","11020.5845712019"
"ASCOPE","LA LIBERTAD","PARTIDO POLITICO NACIONAL PERU LIBRE",2932,0.0536,95108,47767,25087,50.2239559237919,26.3773815031333,"130200","0.58492781147870498","1.8791808494961499","2439.6089542413902"
"ASUNCION","ANCASH","PARTIDO POLITICO NACIONAL PERU LIBRE",816,0.3039,6008,3130,1753,52.0972037283622,29.1777629826897,"020400","0.38904986368856398","7.8117124511312701","648.37213344389602"
"ATALAYA","UCAYALI","PARTIDO POLITICO NACIONAL PERU LIBRE",1826,0.1614,37860,17488,15456,46.1912308505018,40.824088748019,"250200","0.32639540870573203","6.1706849705833902","4402.2900717135999"
"AYABACA","PIURA","PARTIDO POLITICO NACIONAL PERU LIBRE",9801,0.3686,99061,46989,34882,47.4344091014627,35.2126467530108,"200200","0.24981413331914801","29.664116062812301","45180.228610626997"
"AYMARAES","APURIMAC","PARTIDO POLITICO NACIONAL PERU LIBRE",5800,0.5389,21426,10514,6042,49.0712218799589,28.1993839260711,"030400","0.35512818999328399","16.0301185113739","4630.9409367508097"
"AZANGARO","PUNO","PARTIDO POLITICO NACIONAL PERU LIBRE",41427,0.6292,98860,50796,32883,51.3817519724863,33.2621889540765,"210200","0.31910205312456402","18.755939487071998","25441.6816766337"
"BAGUA","AMAZONAS","PARTIDO POLITICO NACIONAL PERU LIBRE",7550,0.2748,62137,29877,22586,48.0824629447833,36.3487133270032,"010200","0.46103622424613799","23.068140178461601","22632.152329088702"
"BARRANCA","LIMA","PARTIDO POLITICO NACIONAL PERU LIBRE",7681,0.1169,116953,58607,33442,50.1115832855934,28.5943926192573,"150200","0.63070429597728805","0.79540627101968397","1292.4079254036201"
"BELLAVISTA","SAN MARTIN","PARTIDO POLITICO NACIONAL PERU LIBRE",4009,0.2295,41357,18982,13370,45.897913291583,32.3282636554876,"220200","0.41952273520293498","6.68932638912547","4344.5168099453203"
"BOLIVAR","LA LIBERTAD","PARTIDO POLITICO NACIONAL PERU LIBRE",1221,0.3503,11417,5356,4044,46.9124989051415,35.4208636244197,"130300","0.294998261362244","41.382026149942597","7350.2754847528104"
"BOLOGNESI","ANCASH","PARTIDO POLITICO NACIONAL PERU LIBRE",2559,0.2938,18890,9260,5309,49.0206458443621,28.1048173636845,"020500","0.453107932719228","4.7928821043970897","1218.3027021166999"
"BONGARA","AMAZONAS","PARTIDO POLITICO NACIONAL PERU LIBRE",3254,0.3377,20909,10271,6485,49.1223874886413,31.0153522406619,"010300","0.41289545257260002","10.740246315197799","3150.6512565632702"
"CAJABAMBA","CAJAMARCA","PARTIDO POLITICO NACIONAL PERU LIBRE",8537,0.4048,57242,29311,19742,51.2054086160512,34.4886621711331,"060200","0.35038197593107501","42.857487584010897","38569.5959512306"
"CAJAMARCA","CAJAMARCA","PARTIDO POLITICO NACIONAL PERU LIBRE",60340,0.4002,272452,142711,86125,52.380235784652,31.611072776122,"060100","0.535394003901843","15.7710334376908","64059.729879218699"
"CAJATAMBO","LIMA","PARTIDO POLITICO NACIONAL PERU LIBRE",471,0.2089,5697,2772,1458,48.6571879936809,25.5924170616114,"150300","0.38451857822437602","16.412594486395001","1259.9948787205401"
"CALCA","CUSCO","PARTIDO POLITICO NACIONAL PERU LIBRE",12652,0.4181,54300,26745,18528,49.2541436464088,34.121546961326,"080400","0.38933984639209401","7.3345358910918899","5620.5281987026201"
"CALLAO","CALLAO","PARTIDO POLITICO NACIONAL PERU LIBRE",33750,0.0643,824496,415554,236407,50.400972230308,28.6729104810696,"070100","0.64016310985959901","0.5","5739.7550000000001"
"CAMANA","AREQUIPA","PARTIDO POLITICO NACIONAL PERU LIBRE",9518,0.3156,48781,23832,13389,48.8550870215863,27.4471618048011,"040200","0.62413334857347802","1.2812485791478201","854.19561523205903"
"CANAS","CUSCO","PARTIDO POLITICO NACIONAL PERU LIBRE",9677,0.562,30186,14879,10697,49.2910620817598,35.4369575299808,"080500","0.25678679867286902","9.9693306744437997","4125.0099531646101"
"CANCHIS","CUSCO","PARTIDO POLITICO NACIONAL PERU LIBRE",26492,0.5166,80446,41199,27686,51.2132362081396,34.4156328468787,"080600","0.46822553661641397","4.5711204631392297","5148.2701328151898"
"CANDARAVE","TACNA","PARTIDO POLITICO NACIONAL PERU LIBRE",2071,0.6394,6251,2914,1284,46.6165413533835,20.5407134858423,"230200","0.36767445315709701","14.146140078799201","1034.9316081649499"
"CANGALLO","AYACUCHO","PARTIDO POLITICO NACIONAL PERU LIBRE",7897,0.6198,25711,13370,8501,52.0010890280425,33.063669246626,"050200","0.32931156793845501","32.653611167674399","11818.9745621397"
"CANTA","LIMA","PARTIDO POLITICO NACIONAL PERU LIBRE",1050,0.1613,11514,5492,2735,47.6984540559319,23.7536911585895,"150400","0.568441901944859","3.2910619672428298","489.08471895195697"
"CAÑETE","LIMA","PARTIDO POLITICO NACIONAL PERU LIBRE",15823,0.137,180535,91208,55269,50.5209516160301,30.6140083640291,"150500","0.68456218064837704","0.84780896685687601","2185.9652058747602"
"CARABAYA","PUNO","PARTIDO POLITICO NACIONAL PERU LIBRE",14278,0.5324,45446,21952,17054,48.3034810544382,37.5258548607138,"210300","0.34043529700681302","15.3125016248372","10421.994855896701"
"CARAVELI","AREQUIPA","PARTIDO POLITICO NACIONAL PERU LIBRE",3968,0.2721,26020,12297,6751,47.2598001537279,25.945426594927,"040300","0.61648684445787305","2.14426816665872","775.58179588046096"
"CARHUAZ","ANCASH","PARTIDO POLITICO NACIONAL PERU LIBRE",9570,0.4613,38709,20115,11755,51.9646593815392,30.3676147665917,"020600","0.40891465222798701","10.867996616394","5790.0338773500698"
"CARLOS FERMIN FITZCARRALD","ANCASH","PARTIDO POLITICO NACIONAL PERU LIBRE",2526,0.4533,14069,7400,4689,52.5979102992395,33.3285947828559,"020700","0.30596855323261901","17.1843511851073","3500.2804928945002"
"CASMA","ANCASH","PARTIDO POLITICO NACIONAL PERU LIBRE",2844,0.1397,37359,18445,11035,49.3723065392543,29.5377285259241,"020800","0.55730092075488502","2.9483133139771098","1584.04029420048"
"CASTILLA","AREQUIPA","PARTIDO POLITICO NACIONAL PERU LIBRE",5413,0.3815,26397,12438,6912,47.1189907944085,26.1847937265598,"040400","0.56624380888617698","7.3064374936945899","2573.2542209042999"
"CASTROVIRREYNA","HUANCAVELICA","PARTIDO POLITICO NACIONAL PERU LIBRE",2567,0.3827,15448,7913,4325,51.2234593474883,27.9971517348524,"090400","0.39540376362871599","14.2592762579112","2876.80898503359"
"CAYLLOMA","AREQUIPA","PARTIDO POLITICO NACIONAL PERU LIBRE",28966,0.6075,77222,37933,21725,49.1220118619046,28.1331744839553,"040500","0.588818268722751","6.1283990675021602","6450.6302904714203"
"CELENDIN","CAJAMARCA","PARTIDO POLITICO NACIONAL PERU LIBRE",13450,0.5281,67887,34656,22589,51.0495382031906,33.2744118903472,"060300","0.322969234443926","40.952967102590499","40113.431276987401"
"CHACHAPOYAS","AMAZONAS","PARTIDO POLITICO NACIONAL PERU LIBRE",3644,0.1852,40502,20626,12011,50.9258802034467,29.6553256629302,"010100","0.54266528829961902","11.6985240440371","6875.5735364019001"
"CHANCHAMAYO","JUNIN","PARTIDO POLITICO NACIONAL PERU LIBRE",15695,0.2531,125149,59675,42829,47.6831616712878,34.2224068909859,"120300","0.47864803296130298","4.04856663973883","7500.4960137793396"
"CHEPEN","LA LIBERTAD","PARTIDO POLITICO NACIONAL PERU LIBRE",5856,0.1602,66863,33856,18952,50.6348802775825,28.3445253727772,"130400","0.558693646146731","3.5049450225945602","3238.4640525267"
"CHICLAYO","LAMBAYEQUE","PARTIDO POLITICO NACIONAL PERU LIBRE",46994,0.1184,669559,345418,195486,51.5888816370178,29.196232146831,"140100","0.57817632743065395","0.68111982432572105","6344.3178484748996"
"CHINCHA","ICA","PARTIDO POLITICO NACIONAL PERU LIBRE",11194,0.1041,169559,86362,51274,50.9333034518958,30.2396216066384,"110200","0.58832352616093997","1.8371832421808201E-2","46.277359842265398"
"CHINCHEROS","APURIMAC","PARTIDO POLITICO NACIONAL PERU LIBRE",10320,0.5639,35204,17979,11786,51.0709010339734,33.4791500965799,"030600","0.34430351485060301","21.220627255510902","11112.818081166"
"CHOTA","CAJAMARCA","PARTIDO POLITICO NACIONAL PERU LIBRE",38115,0.6648,121442,63685,36578,52.4406712669422,30.1197279359694,"060400","0.36051007255192302","29.370109088704101","50080.147811512899"
"CHUCUITO","PUNO","PARTIDO POLITICO NACIONAL PERU LIBRE",19489,0.5292,60319,30610,17550,50.746862514299,29.0953099355095,"210400","0.34518402872773501","16.841563909225901","13824.229319249"
"CHUMBIVILCAS","CUSCO","PARTIDO POLITICO NACIONAL PERU LIBRE",17021,0.6095,56564,28173,20316,49.8072979280107,35.9168375645287,"080700","0.33722823720575101","12.1100825549882","9877.5888359761193"
"CHUPACA","JUNIN","PARTIDO POLITICO NACIONAL PERU LIBRE",10231,0.3406,48017,25131,14743,52.3377137263886,30.703709103026,"120900","0.51028443526600198","4.0939221092271998","2742.0680895392902"
"CHURCAMPA","HUANCAVELICA","PARTIDO POLITICO NACIONAL PERU LIBRE",7072,0.595,27291,14450,9907,52.9478582682936,36.3013447656737,"090500","0.32063622026690197","21.732783643654201","8762.4410372849397"
"CONCEPCION","JUNIN","PARTIDO POLITICO NACIONAL PERU LIBRE",6487,0.2471,47985,24779,15094,51.6390538710014,31.4556632280921,"120200","0.45385311051305799","8.3052316866018003","5561.3492419822996"
"CONDESUYOS","AREQUIPA","PARTIDO POLITICO NACIONAL PERU LIBRE",2879,0.5101,12101,5751,3063,47.524997934055,25.3119576894472,"040600","0.58157112313045201","13.819712875697199","2240.0372600217602"
"CONDORCANQUI","AMAZONAS","PARTIDO POLITICO NACIONAL PERU LIBRE",1479,0.1272,38273,18099,18214,47.289211715831,47.5896846340762,"010400","0.2534515691766","38.1406293433147","28944.160796054599"
"CONTRALMIRANTE VILLAR","TUMBES","PARTIDO POLITICO NACIONAL PERU LIBRE",621,0.0688,15338,7246,4463,47.2421436953971,29.0976659277611,"240200","0.54422894624976303","0.20454764089836799","45.485258906570202"
"CONTUMAZA","CAJAMARCA","PARTIDO POLITICO NACIONAL PERU LIBRE",2657,0.3145,21709,10896,6049,50.1911649546271,27.8640195310701,"060500","0.42210334870185201","25.5848640567282","7583.6095550548098"
"CORONEL PORTILLO","UCAYALI","PARTIDO POLITICO NACIONAL PERU LIBRE",16781,0.1091,299067,143602,99433,48.0166651619871,33.2477337854059,"250100","0.52348384059550501","0.50885923010187994","2428.0014620619099"
"CORONGO","ANCASH","PARTIDO POLITICO NACIONAL PERU LIBRE",650,0.2592,5686,2736,1555,48.1181850158284,27.3478719662329,"020900","0.38825612358498601","8.0396076663786697","629.42088420078596"
"COTABAMBAS","APURIMAC","PARTIDO POLITICO NACIONAL PERU LIBRE",9214,0.592,36066,18208,12321,50.4852215382909,34.1623689901847,"030500","0.372053682028399","34.330024637007199","18691.668514111301"
"CUSCO","CUSCO","PARTIDO POLITICO NACIONAL PERU LIBRE",56949,0.2386,353792,182373,112324,51.5480847503618,31.7485980463097,"080100","0.665288583510104","0.28544299120666","1436.68880891145"
"CUTERVO","CAJAMARCA","PARTIDO POLITICO NACIONAL PERU LIBRE",16902,0.4332,98300,49474,32139,50.3296032553408,32.6948118006104,"060600","0.35476566556050299","37.348356457679998","52204.785689416"
"DANIEL ALCIDES CARRION","PASCO","PARTIDO POLITICO NACIONAL PERU LIBRE",6390,0.5336,24205,12121,6999,50.0764304895683,28.9155133236935,"190200","0.369968545187911","31.7426614430135","10565.8622879215"
"DATEM DEL MARAÑON","LORETO","PARTIDO POLITICO NACIONAL PERU LIBRE",936,0.0753,41723,19535,18689,46.8206984157419,44.7930398101766,"160700","0.319824439511323","15.3944360002736","12285.683594378301"
"DOS DE MAYO","HUANUCO","PARTIDO POLITICO NACIONAL PERU LIBRE",7395,0.5774,28440,14529,10173,51.0864978902954,35.7700421940928,"100300","0.38504506653289799","20.515916864742501","8607.45292060272"
"EL COLLAO","PUNO","PARTIDO POLITICO NACIONAL PERU LIBRE",17202,0.5354,53396,27308,15497,51.1424076709866,29.0227732414413,"210500","0.37933613655624798","14.0098046933525","9967.8359412733607"
"EL DORADO","SAN MARTIN","PARTIDO POLITICO NACIONAL PERU LIBRE",3278,0.2642,28509,13252,9559,46.4835665930057,33.5297625311305,"220300","0.33086430464970601","14.5654176614712","6506.8090319090397"
"ESPINAR","CUSCO","PARTIDO POLITICO NACIONAL PERU LIBRE",17417,0.6191,45596,24019,15932,52.6778664795157,34.9416615492587,"080800","0.46336063981481801","5.1949925809035298","3524.8544160688498"
"FERREÑAFE","LAMBAYEQUE","PARTIDO POLITICO NACIONAL PERU LIBRE",8220,0.2107,78938,39647,25360,50.2254934252198,32.1264790088424,"140200","0.42300821979699699","16.5550793588706","19341.464765762099"
"GENERAL SANCHEZ CERRO","MOQUEGUA","PARTIDO POLITICO NACIONAL PERU LIBRE",3726,0.5022,13245,6606,2444,49.8754246885617,18.4522461306153,"180200","0.53086997718604401","6.9758343848617397","1108.2508087229801"
"GRAN CHIMU","LA LIBERTAD","PARTIDO POLITICO NACIONAL PERU LIBRE",956,0.1167,21971,10265,6658,46.7206772563834,30.3035819944472,"131100","0.372397790744179","23.659727949021399","7364.3269214123902"
"GRAU","APURIMAC","PARTIDO POLITICO NACIONAL PERU LIBRE",5025,0.6009,18439,8957,5757,48.5763870058029,31.2218666955909,"030700","0.30448831902541501","21.094857478629201","5374.3368398303701"
"HUACAYBAMBA","HUANUCO","PARTIDO POLITICO NACIONAL PERU LIBRE",2075,0.4236,12811,6454,4872,50.378580907033,38.0298181250488,"100400","0.31845746720016699","32.985665144563697","6299.6023293087801"
"HUALGAYOC","CAJAMARCA","PARTIDO POLITICO NACIONAL PERU LIBRE",22684,0.6983,72230,37678,22327,52.1639208085283,30.9109788176658,"060700","0.36934333278835402","25.351823405084701","25356.6402515316"
"HUALLAGA","SAN MARTIN","PARTIDO POLITICO NACIONAL PERU LIBRE",1355,0.1504,22140,10164,6672,45.9078590785908,30.1355013550135,"220400","0.40830991598501698","9.6800592824830005","3175.7370488042002"
"HUAMALIES","HUANUCO","PARTIDO POLITICO NACIONAL PERU LIBRE",8497,0.4513,43075,21654,15177,50.2704585026117,35.2338943702844,"100500","0.37805391721142201","18.925750722196099","12118.536702436601"
"HUAMANGA","AYACUCHO","PARTIDO POLITICO NACIONAL PERU LIBRE",64192,0.4896,211700,108790,74732,51.3887576759565,35.3008974964573,"050100","0.48939599982384102","11.6961137089656","36618.075838892502"
"HUANCA SANCOS","AYACUCHO","PARTIDO POLITICO NACIONAL PERU LIBRE",2342,0.6131,7633,4008,2263,52.5088431809249,29.6475828638805,"050300","0.38278820362369798","26.372396936350501","2694.2040710175702"
"HUANCABAMBA","PIURA","PARTIDO POLITICO NACIONAL PERU LIBRE",16157,0.4773,91011,45274,31729,49.7456351430047,34.8628187801474,"200300","0.26483999769420202","33.882185914736603","46008.281431761701"
"HUANCANE","PUNO","PARTIDO POLITICO NACIONAL PERU LIBRE",19833,0.5809,55542,28196,14883,50.7651867055562,26.795938208923,"210600","0.317619644629901","17.990867205490598","12759.6627481501"
"HUANCAVELICA","HUANCAVELICA","PARTIDO POLITICO NACIONAL PERU LIBRE",29961,0.564,95175,48954,34406,51.4357762017337,36.1502495403205,"090100","0.42649871612420498","10.526865627177299","14727.295549733601"
"HUANCAYO","JUNIN","PARTIDO POLITICO NACIONAL PERU LIBRE",64088,0.224,440758,226103,137227,51.2986718335232,31.1343186056748,"120100","0.57612615574724502","1.75663216512372","10831.464195439499"
"HUANTA","AYACUCHO","PARTIDO POLITICO NACIONAL PERU LIBRE",17675,0.5332,69912,35607,26486,50.9311706144868,37.8847694244193,"050400","0.38953009603970801","27.045723153084602","28482.121509744899"
"HUANUCO","HUANUCO","PARTIDO POLITICO NACIONAL PERU LIBRE",43239,0.3352,227086,114954,75692,50.6213505015721,33.3318654606625,"100100","0.52869319008585902","13.5612378086434","44845.928534159102"
"HUARAL","LIMA","PARTIDO POLITICO NACIONAL PERU LIBRE",11657,0.1313,150726,74888,44019,49.684858617624,29.2046494964372,"150600","0.63224561923362799","1.0678779168299299","2210.69950586299"
"HUARAZ","ANCASH","PARTIDO POLITICO NACIONAL PERU LIBRE",23641,0.3125,128040,64692,37630,50.5248359887535,29.3892533583255,"020100","0.56254327046814601","3.12243586478401","5699.9442224459199"
"HUARI","ANCASH","PARTIDO POLITICO NACIONAL PERU LIBRE",12813,0.5034,57385,28572,17962,49.7900148122332,31.3008625947547,"021000","0.424135442845821","7.8729230979909497","6268.9724752372504"
"HUARMEY","ANCASH","PARTIDO POLITICO NACIONAL PERU LIBRE",1498,0.1129,23589,11457,6846,48.5692483784815,29.0220017804909,"021100","0.57446123055463405","2.9391286758932602","975.23228594814202"
"HUAROCHIRI","LIMA","PARTIDO POLITICO NACIONAL PERU LIBRE",10045,0.1958,87073,44358,21816,50.9434612336775,25.0548390431018,"150700","0.55193283142041205","3.2086206407064402","3712.8874605998599"
"HUAURA","LIMA","PARTIDO POLITICO NACIONAL PERU LIBRE",15535,0.1479,177328,89039,50572,50.2114725254895,28.5189028241451,"150800","0.65096255194939801","1.26288017283011","3098.8048528836198"
"HUAYLAS","ANCASH","PARTIDO POLITICO NACIONAL PERU LIBRE",4287,0.2138,42699,21530,14200,50.4227265275533,33.2560481510106,"021200","0.40555962580593402","17.6249362971907","10821.182138386201"
"HUAYTARA","HUANCAVELICA","PARTIDO POLITICO NACIONAL PERU LIBRE",3313,0.461,18323,9398,5102,51.2907275009551,27.8447852425913,"090600","0.40137603138584099","21.038644603083601","5071.5756680193299"
"ICA","ICA","PARTIDO POLITICO NACIONAL PERU LIBRE",29423,0.1568,298620,150102,85786,50.2652200120555,28.727479740138,"110100","0.63970167278467904","2.7039947836288901E-2","114.47821595606101"
"ILO","MOQUEGUA","PARTIDO POLITICO NACIONAL PERU LIBRE",10866,0.2559,63124,31459,17150,49.8368290982827,27.1687472276789,"180300","0.68580838257618704","0.31439528254197502","269.075202563549"
"ISLAY","AREQUIPA","PARTIDO POLITICO NACIONAL PERU LIBRE",12828,0.4204,45814,22098,11600,48.2341642292749,25.3197712489632,"040700","0.63093813112497099","1.0623364758657601","635.42593967434402"
"JAEN","CAJAMARCA","PARTIDO POLITICO NACIONAL PERU LIBRE",20243,0.2524,158715,76651,52322,48.2947421478751,32.9660082537882,"060800","0.49439831941815698","16.076147008844998","37157.923911834201"
"JAUJA","JUNIN","PARTIDO POLITICO NACIONAL PERU LIBRE",5536,0.1347,69588,36570,20528,52.5521641662356,29.4993389664885,"120400","0.50063654418435799","5.8334171035243596","5516.4875522898801"
"JORGE BASADRE","TACNA","PARTIDO POLITICO NACIONAL PERU LIBRE",2892,0.5326,9106,4000,1905,43.9270810454645,20.9202723479025,"230300","0.680273531494902","0.52203416550622095","57.971894079465798"
"JULCAN","LA LIBERTAD","PARTIDO POLITICO NACIONAL PERU LIBRE",2762,0.2843,25322,12110,8674,47.8240265381881,34.2547981991944,"130500","0.21955269163204999","48.665874781940602","18132.418285003299"
"JUNIN","JUNIN","PARTIDO POLITICO NACIONAL PERU LIBRE",2924,0.314,17935,10422,5189,58.1098410928352,28.9322553666016,"120500","0.431471860723871","11.302375874387501","2853.7368845241099"
"LA CONVENCION","CUSCO","PARTIDO POLITICO NACIONAL PERU LIBRE",28364,0.3978,151762,70799,48686,46.6513356439688,32.0804944584283,"080900","0.45051159283270997","3.3327621713544802","7191.8674724309703"
"LA MAR","AYACUCHO","PARTIDO POLITICO NACIONAL PERU LIBRE",15116,0.6045,57215,28078,22080,49.0745433889714,38.59127851088,"050500","0.332574685607884","26.0079267774253","22368.6375834602"
"LA UNION","AREQUIPA","PARTIDO POLITICO NACIONAL PERU LIBRE",1940,0.4256,11035,5211,3144,47.2224739465338,28.4911644766652,"040800","0.35794848623647901","23.821652844868701","3708.7931314176099"
"LAMAS","SAN MARTIN","PARTIDO POLITICO NACIONAL PERU LIBRE",4780,0.1729,64147,30385,20209,47.3677646655339,31.5042012876674,"220500","0.36428462315507298","16.196097887525699","15817.919001852"
"LAMBAYEQUE","LAMBAYEQUE","PARTIDO POLITICO NACIONAL PERU LIBRE",18065,0.1384,229159,115417,75505,50.3654667719793,32.9487386487112,"140300","0.477565771225824","2.4289832097869","8376.6643667673998"
"LAMPA","PUNO","PARTIDO POLITICO NACIONAL PERU LIBRE",12524,0.5134,36151,18615,10631,51.4923515255456,29.4072086525961,"210700","0.430827933289683","13.0096571511619","6222.2588222577097"
"LAURICOCHA","HUANUCO","PARTIDO POLITICO NACIONAL PERU LIBRE",5379,0.646,18061,8935,6409,49.4712363656497,35.4852998172859,"101000","0.42238597410905399","16.5418089231481","4167.7087581871701"
"LEONCIO PRADO","HUANUCO","PARTIDO POLITICO NACIONAL PERU LIBRE",10660,0.2024,100587,48694,33145,48.4098342728186,32.9515742590991,"100600","0.499959701878324","9.9221916546435907","14794.086978990101"
"LIMA","LIMA","PARTIDO POLITICO NACIONAL PERU LIBRE",350224,0.0721,7558581,3835526,2094779,50.743995466874,27.7139187897834,"150100","0.72551287150101096","3.05","311246.82699999999"
"LORETO","LORETO","PARTIDO POLITICO NACIONAL PERU LIBRE",653,0.0385,48893,22367,19306,45.7468349252449,39.4862250219868,"160300","0.36353866955143199","15.118503758279999","13020.357806705901"
"LUCANAS","AYACUCHO","PARTIDO POLITICO NACIONAL PERU LIBRE",7678,0.4718,35666,18416,9743,51.6346099927101,27.3173330342623,"050600","0.42544900603570102","19.122899050357599","9434.6647044749407"
"LUYA","AMAZONAS","PARTIDO POLITICO NACIONAL PERU LIBRE",3484,0.2518,35246,16951,11101,48.0934006695795,31.495772569937,"010500","0.34105023950541802","24.997883561590299","12705.674277849501"
"MANU","MADRE DE DIOS","PARTIDO POLITICO NACIONAL PERU LIBRE",2925,0.5057,12433,5410,3513,43.513230917719,28.2554492077536,"170200","0.59453883898234505","0.116843190289867","22.041299416280399"
"MARAÑON","HUANUCO","PARTIDO POLITICO NACIONAL PERU LIBRE",3517,0.4066,20201,9837,7475,48.695609128261,37.0031186574922,"100700","0.32936503516825699","28.373031608598499","9049.8621618785801"
"MARISCAL CACERES","SAN MARTIN","PARTIDO POLITICO NACIONAL PERU LIBRE",4368,0.2108,48353,22635,15459,46.8119868467313,31.9711289888942,"220600","0.44676891991103601","4.9433634393912502","3714.3444210898001"
"MARISCAL LUZURIAGA","ANCASH","PARTIDO POLITICO NACIONAL PERU LIBRE",4094,0.5433,16171,8319,5352,51.4439428606765,33.09628347041,"021300","0.27613298173258299","16.7370305340092","3977.7226767126199"
"MARISCAL NIETO","MOQUEGUA","PARTIDO POLITICO NACIONAL PERU LIBRE",19073,0.397,71998,34639,18974,48.1110586405178,26.3535098197172,"180100","0.69323998907309103","1.6369413603276399","1573.9191179550201"
"MARISCAL RAMON CASTILLA","LORETO","PARTIDO POLITICO NACIONAL PERU LIBRE",262,0.02,47396,21539,17205,45.4447632711621,36.300531690438,"160400","0.35160249548356498","12.2520457076107","10016.047365971701"
"MAYNAS","LORETO","PARTIDO POLITICO NACIONAL PERU LIBRE",5834,0.0301,374317,183500,122135,49.0226198649808,32.6287611837026,"160100","0.56380771692093801","4.8537337546788599","28501.318756824501"
"MELGAR","PUNO","PARTIDO POLITICO NACIONAL PERU LIBRE",18762,0.5305,55059,28564,18384,51.8788935505549,33.3896365716777,"210800","0.42942049264437299","15.603643982148601","11842.3856002517"
"MOHO","PUNO","PARTIDO POLITICO NACIONAL PERU LIBRE",7084,0.6263,21624,11137,5573,51.5029596744358,25.7722900480947,"210900","0.28031193172688501","25.944967189043201","7032.3833565901596"
"MORROPON","PIURA","PARTIDO POLITICO NACIONAL PERU LIBRE",6940,0.1123,131951,64378,38307,48.7893233094103,29.0312312904033,"200400","0.431884363464973","12.889209034175799","24223.463890468502"
"MOYOBAMBA","SAN MARTIN","PARTIDO POLITICO NACIONAL PERU LIBRE",12209,0.2633,97021,46455,33255,47.8813865039527,34.276084559013,"220100","0.48825333700065199","5.5364483411983398","8190.1233956181204"
"NASCA","ICA","PARTIDO POLITICO NACIONAL PERU LIBRE",5126,0.1594,57942,27942,16721,48.2240861551206,28.8581685133409,"110300","0.61256228206165297","8.2252409337786308E-3","6.6617048846766496"
"OCROS","ANCASH","PARTIDO POLITICO NACIONAL PERU LIBRE",315,0.1387,5481,2600,1140,47.4365991607371,20.7991242474001,"021400","0.46545448462455102","7.4690346493294699","516.85719773359904"
"OTUZCO","LA LIBERTAD","PARTIDO POLITICO NACIONAL PERU LIBRE",9160,0.3053,70001,34112,22318,48.7307324181083,31.882401679976,"130600","0.278322949710468","27.671671843096501","28253.607101956801"
"OXAPAMPA","PASCO","PARTIDO POLITICO NACIONAL PERU LIBRE",5618,0.185,73204,34725,25138,47.435932462707,34.3396535708431,"190300","0.42782213065428998","22.3794629869296","25698.784937150998"
"OYON","LIMA","PARTIDO POLITICO NACIONAL PERU LIBRE",1338,0.22,12680,6390,3757,50.3943217665615,29.6293375394322,"150900","0.57702007433688196","3.5541100544208901","651.50391407589302"
"PACASMAYO","LA LIBERTAD","PARTIDO POLITICO NACIONAL PERU LIBRE",5740,0.1298,79510,40331,22146,50.7244371777135,27.8531002389637,"130700","0.57922443766549003","2.59242131849008","2858.45559419353"
"PACHITEA","HUANUCO","PARTIDO POLITICO NACIONAL PERU LIBRE",11546,0.6147,41304,20436,16494,49.4770482277746,39.9331783846601,"100800","0.27313445048064999","30.9177246593378","19741.276372233799"
"PADRE ABAD","UCAYALI","PARTIDO POLITICO NACIONAL PERU LIBRE",7617,0.3388,49884,22016,17218,44.1343917889504,34.5160772993345,"250300","0.43860530397535802","1.0859254472142701","861.964182980798"
"PAITA","PIURA","PARTIDO POLITICO NACIONAL PERU LIBRE",3280,0.0614,90998,45090,29202,49.5505395722983,32.0908151827513,"200500","0.54765632852582202","3.4276562438626899","4769.5151102100599"
"PALLASCA","ANCASH","PARTIDO POLITICO NACIONAL PERU LIBRE",2176,0.3044,17919,9012,5509,50.2929850996149,30.7439031195937,"021500","0.32717429468472398","11.8680851689035","3148.1282719033502"
"PALPA","ICA","PARTIDO POLITICO NACIONAL PERU LIBRE",969,0.1456,12074,5703,3043,47.2337253602783,25.2029153553089,"110400","0.60755571170231804","2.17115336770603E-3","0.34955569220067101"
"PARINACOCHAS","AYACUCHO","PARTIDO POLITICO NACIONAL PERU LIBRE",4208,0.5205,18018,9339,5352,51.8315018315018,29.7036297036297,"050700","0.41744346365725998","22.078254236005598","5765.5153111905001"
"PARURO","CUSCO","PARTIDO POLITICO NACIONAL PERU LIBRE",4586,0.3957,24691,11776,7970,47.6934915556276,32.2789680450367,"081000","0.24839508922803799","13.584518917812201","4540.6254482787399"
"PASCO","PASCO","PARTIDO POLITICO NACIONAL PERU LIBRE",22179,0.3847,103273,50165,30917,48.5751358050991,29.9371568560999,"190100","0.545533872036433","12.4788321220088","18251.789438292599"
"PATAZ","LA LIBERTAD","PARTIDO POLITICO NACIONAL PERU LIBRE",5479,0.2587,53218,25691,19649,48.2750197301665,36.9217182156413,"130800","0.39285593577729799","31.986469245067099","27165.4686004506"
"PAUCAR DEL SARA SARA","AYACUCHO","PARTIDO POLITICO NACIONAL PERU LIBRE",912,0.2724,6662,3397,1641,50.9906934854398,24.6322425697989,"050800","0.43551852121097701","19.007279918012099","1735.93487491204"
"PAUCARTAMBO","CUSCO","PARTIDO POLITICO NACIONAL PERU LIBRE",11079,0.5888,34701,16702,13142,48.1311777758566,37.8721074320625,"081100","0.24239512887728201","20.739931959422499","11139.832254045001"
"PICOTA","SAN MARTIN","PARTIDO POLITICO NACIONAL PERU LIBRE",3334,0.2065,32282,14854,9997,46.0132581624435,30.9677219503129,"220700","0.43875531362626002","9.2317755593818802","4488.2123237046899"
"PISCO","ICA","PARTIDO POLITICO NACIONAL PERU LIBRE",9915,0.1381,113169,56153,33644,49.6187118380475,29.7289893875531,"110500","0.57409095857716597","0.38671001521102699","641.58285203630999"
"PIURA","PIURA","PARTIDO POLITICO NACIONAL PERU LIBRE",24651,0.0799,578944,295884,181221,51.1075337165598,31.3019912115852,"200100","0.56893675120805998","5.7867920034221303","49772.140153513697"
"POMABAMBA","ANCASH","PARTIDO POLITICO NACIONAL PERU LIBRE",4188,0.4796,18920,9912,6206,52.3890063424947,32.8012684989429,"021600","0.34197098107568902","16.792090445872802","4775.33468099731"
"PUERTO INCA","HUANUCO","PARTIDO POLITICO NACIONAL PERU LIBRE",2684,0.2928,26403,11880,9529,44.9948869446654,36.0905957656327,"100900","0.38725006237958098","9.0796143175510498","3964.5227956154899"
"PUNO","PUNO","PARTIDO POLITICO NACIONAL PERU LIBRE",38295,0.3017,181612,91938,51951,50.6233068299452,28.6054886240997,"210100","0.54255907730854802","8.3364307439646907","20386.908112980502"
"PURUS","UCAYALI","PARTIDO POLITICO NACIONAL PERU LIBRE",115,0.1394,3078,1428,1020,46.3937621832359,33.1384015594542,"250400","0.34842682235896699","1.57847","78.876145899999997"
"PUTUMAYO","LORETO","PARTIDO POLITICO NACIONAL PERU LIBRE",17,0.0082,6919,3084,2544,44.5729151611505,36.7683191212603,"160800","0.39893466647989401","16.053150122213999","1762.31482041665"
"QUISPICANCHI","CUSCO","PARTIDO POLITICO NACIONAL PERU LIBRE",20937,0.5166,69608,34511,25377,49.5790713711068,36.4570164348925,"081200","0.34661605388837302","14.647969002350701","15295.1162728746"
"RECUAY","ANCASH","PARTIDO POLITICO NACIONAL PERU LIBRE",2822,0.3407,16229,8249,3953,50.8287633249122,24.3576314005792,"021700","0.42678473136720901","11.6956710511402","2494.3357650766702"
"REQUENA","LORETO","PARTIDO POLITICO NACIONAL PERU LIBRE",1082,0.0575,46230,21157,16779,45.7646549859399,36.2946138870863,"160500","0.37739834568746899","14.3281777296352","11360.955403604999"
"RIOJA","SAN MARTIN","PARTIDO POLITICO NACIONAL PERU LIBRE",16074,0.3219,99150,47429,34856,47.8356026222895,35.1548159354513,"220800","0.46839804692259301","3.8245092081892502","5812.4508495139398"
"RODRIGUEZ DE MENDOZA","AMAZONAS","PARTIDO POLITICO NACIONAL PERU LIBRE",1481,0.1603,22909,10614,6615,46.3311362346676,28.875114583788,"010600","0.366407435251007","13.3277167732224","4443.5940493600801"
"SAN ANTONIO DE PUTINA","PUNO","PARTIDO POLITICO NACIONAL PERU LIBRE",9792,0.6293,22933,11662,7811,50.8524833209785,34.0600880826756,"211000","0.49988488264675701","9.3700920047629097","2995.8058157628002"
"SAN IGNACIO","CAJAMARCA","PARTIDO POLITICO NACIONAL PERU LIBRE",17410,0.3761,103295,48218,38473,46.6798973812866,37.2457524565565,"060900","0.35969761438944697","30.808762799627999","48552.145471189702"
"SAN MARCOS","CAJAMARCA","PARTIDO POLITICO NACIONAL PERU LIBRE",9537,0.5747,39432,19908,12285,50.4869141813755,31.1548995739501,"061000","0.33897187702209702","39.504906185655699","22883.2169080411"
"SAN MARTIN","SAN MARTIN","PARTIDO POLITICO NACIONAL PERU LIBRE",9070,0.106,146568,72788,44209,49.6615905245347,30.1627913323509,"220900","0.60751301693001802","7.0730099028262101","15266.879684953299"
"SAN MIGUEL","CAJAMARCA","PARTIDO POLITICO NACIONAL PERU LIBRE",10026,0.5562,39680,20583,9984,51.8724798387097,25.1612903225806,"061100","0.37070480463948602","34.764815571784098","18463.2459020188"
"SAN PABLO","CAJAMARCA","PARTIDO POLITICO NACIONAL PERU LIBRE",5099,0.6268,18653,9624,5566,51.5949177076074,29.8397040690506,"061200","0.31259994862552398","35.944607016538903","9417.1275922630193"
"SAN ROMAN","PUNO","PARTIDO POLITICO NACIONAL PERU LIBRE",69453,0.4205,218110,110123,74985,50.4896611801385,34.3794415661822,"211100","0.55864923904576602","4.9437748061744102","16145.7258262408"
"SANCHEZ CARRION","LA LIBERTAD","PARTIDO POLITICO NACIONAL PERU LIBRE",11466,0.2455,110405,56141,43574,50.8500520809746,39.467415425026,"130900","0.28632748315695999","27.716581218298799","49430.582442150597"
"SANDIA","PUNO","PARTIDO POLITICO NACIONAL PERU LIBRE",16236,0.6348,42270,19346,13634,45.7676839365981,32.254554057251,"211200","0.40768040552759499","10.9472359684988","6292.1428176140298"
"SANTA","ANCASH","PARTIDO POLITICO NACIONAL PERU LIBRE",19242,0.0938,356410,179470,100826,50.3549283128981,28.2893297045537,"021800","0.61522077507572104","1.0897868934798001","5401.4197588432598"
"SANTA CRUZ","CAJAMARCA","PARTIDO POLITICO NACIONAL PERU LIBRE",7418,0.5455,32210,16436,9242,51.027631170444,28.6929524992238,"061300","0.39097616022984399","31.967277628870502","13898.093621927799"
"SANTIAGO DE CHUCO","LA LIBERTAD","PARTIDO POLITICO NACIONAL PERU LIBRE",4070,0.2478,40056,19602,13854,48.9364889155183,34.5865787896944,"131000","0.35237320843914299","25.230260969827601","15264.055584136"
"SATIPO","JUNIN","PARTIDO POLITICO NACIONAL PERU LIBRE",15628,0.2501,128560,60050,49493,46.7097075295582,38.4979775980087,"120600","0.39384720278434499","4.9514286421986498","10272.927061115201"
"SECHURA","PIURA","PARTIDO POLITICO NACIONAL PERU LIBRE",2752,0.0875,53920,26595,18556,49.3230712166172,34.4139465875371,"200800","0.46731170400146599","3.1936362617701199","2799.7651016060099"
"SIHUAS","ANCASH","PARTIDO POLITICO NACIONAL PERU LIBRE",3439,0.3775,21771,11091,7126,50.9439162188232,32.7316154517477,"021900","0.31432354562866299","8.6909883179350498","2804.7557499640002"
"SUCRE","AYACUCHO","PARTIDO POLITICO NACIONAL PERU LIBRE",1631,0.5218,7759,3942,2249,50.8055161747648,28.9856940327362,"050900","0.38748797791947098","30.840386400933902","3237.3153605060402"
"SULLANA","PIURA","PARTIDO POLITICO NACIONAL PERU LIBRE",5786,0.0441,243276,122570,72720,50.3831039642217,29.8919745474276,"200600","0.54219001519148502","3.2760489197109499","11508.563292009399"
"TACNA","TACNA","PARTIDO POLITICO NACIONAL PERU LIBRE",57702,0.3177,260992,129101,76667,49.4655008582639,29.375229892104,"230100","0.60787284103689998","1.18324279915677","4179.0715774858099"
"TAHUAMANU","MADRE DE DIOS","PARTIDO POLITICO NACIONAL PERU LIBRE",1176,0.3089,7999,3412,2254,42.6553319164896,28.1785223152894,"170300","0.64439008878589499","0.26172303908030098","31.1816828760271"
"TALARA","PIURA","PARTIDO POLITICO NACIONAL PERU LIBRE",1661,0.0305,107287,53445,30362,49.8149822438879,28.2997940104579,"200700","0.58452114196370497","1.6877468108231599","2619.5011926743"
"TAMBOPATA","MADRE DE DIOS","PARTIDO POLITICO NACIONAL PERU LIBRE",19844,0.3609,96081,42949,29816,44.7008253452816,31.0321499568073,"170100","0.61846243909341003","0.143247233193802","210.27691102217699"
"TARATA","TACNA","PARTIDO POLITICO NACIONAL PERU LIBRE",1856,0.4638,6625,3148,1231,47.5169811320755,18.5811320754717,"230400","0.430831228039735","16.469577299987002","1283.1447674419901"
"TARMA","JUNIN","PARTIDO POLITICO NACIONAL PERU LIBRE",7190,0.179,73544,39323,20564,53.4686718155118,27.9614924398999,"120700","0.47745788873110401","7.3331891579152799","7534.5585321916296"
"TAYACAJA","HUANCAVELICA","PARTIDO POLITICO NACIONAL PERU LIBRE",15498,0.4606,72485,38013,26234,52.4425743257226,36.1923156515141,"090700","0.36393637351503999","17.641719290573601","18326.041581854999"
"TOCACHE","SAN MARTIN","PARTIDO POLITICO NACIONAL PERU LIBRE",8523,0.3024,56803,25850,18173,45.5081597802933,31.9930285372252,"221000","0.50556720047022197","6.7942032060791702","5831.3287277136296"
"TRUJILLO","LA LIBERTAD","PARTIDO POLITICO NACIONAL PERU LIBRE",32211,0.0677,787394,405894,231979,51.5490339017061,29.46161642075,"130100","0.63991459603216805","1.0900032401288999","12017.2857224211"
"TUMBES","TUMBES","PARTIDO POLITICO NACIONAL PERU LIBRE",5082,0.0737,117306,57495,33888,49.012838217994,28.8885479003632,"240100","0.59013472763824104","0.38507726055011998","663.69221087594804"
"UCAYALI","LORETO","PARTIDO POLITICO NACIONAL PERU LIBRE",2443,0.156,44544,20490,16252,45.9994612068966,36.4852729885057,"160600","0.40005791539381302","15.3972308047383","11660.9387776605"
"URUBAMBA","CUSCO","PARTIDO POLITICO NACIONAL PERU LIBRE",11750,0.3463,55386,27028,17498,48.7993355721662,31.5928212905788,"081300","0.53802549264507105","2.2610522799724802","1726.42646837299"
"UTCUBAMBA","AMAZONAS","PARTIDO POLITICO NACIONAL PERU LIBRE",13572,0.3334,86210,41245,28976,47.8424776708039,33.6109500057998,"010700","0.47011892577744702","12.1968377137765","15455.7107825205"
"VICTOR FAJARDO","AYACUCHO","PARTIDO POLITICO NACIONAL PERU LIBRE",4591,0.6244,16981,8834,4748,52.0228490666038,27.9606619162594,"051000","0.375382199657322","32.105582570945998","7172.3871463493197"
"VILCAS HUAMAN","AYACUCHO","PARTIDO POLITICO NACIONAL PERU LIBRE",3982,0.6095,16025,8184,4630,51.0702028081123,28.8923556942278,"051100","0.31430795894944502","29.267140019262001","6387.2606378037499"
"VIRU","LA LIBERTAD","PARTIDO POLITICO NACIONAL PERU LIBRE",8471,0.2239,68204,33441,24465,49.0308486305789,35.8703301859128,"131200","0.50023355771089295","2.76453403717084","2975.1085947821398"
"YAROWILCA","HUANUCO","PARTIDO POLITICO NACIONAL PERU LIBRE",6953,0.6574,25281,12512,8812,49.4917131442585,34.856216130691,"101100","0.30066852991931498","21.890256122504901","7491.7212553660702"
"YAULI","JUNIN","PARTIDO POLITICO NACIONAL PERU LIBRE",3659,0.2203,31020,15552,8836,50.1353965183752,28.4848484848485,"120800","0.63686016334485196","1.9518102825958401","827.13816155846598"
"YAUYOS","LIMA","PARTIDO POLITICO NACIONAL PERU LIBRE",2919,0.2916,21557,10361,5294,48.0632741104978,24.5581481653291,"151000","0.44663914851207898","10.4716502535109","2822.42389282878"
"YUNGAY","ANCASH","PARTIDO POLITICO NACIONAL PERU LIBRE",10225,0.4739,43932,22199,14570,50.530365109715,33.1648911954839,"022000","0.335807832904921","12.1043891484453","7460.1771199697996"
"YUNGUYO","PUNO","PARTIDO POLITICO NACIONAL PERU LIBRE",7843,0.5081,30694,15739,8138,51.2771225646706,26.5133250798202,"211300","0.37051538396891698","14.9019593822142","5962.2739488238904"
"ZARUMILLA","TUMBES","PARTIDO POLITICO NACIONAL PERU LIBRE",1910,0.0944,35127,17152,11172,48.8285364534404,31.8045947561705,"240300","0.50908735999327404","0.24865525847887501","133.04796915429199"
